{
    "loss": 0.32851776480674744,
    "accuracy": 0.8627451062202454
}